Id,Predicted
0000.png,8
0001.png,2
0002.png,6
0003.png,10
0004.png,10
0005.png,4
0006.png,2
0007.png,8
0008.png,3
0009.png,9
0010.png,4
0011.png,1
0012.png,8
0013.png,10
0014.png,2
0015.png,4
0016.png,2
0017.png,10
0018.png,5
0019.png,6
0020.png,1
0021.png,4
0022.png,1
0023.png,8
0024.png,1
0025.png,4
0026.png,10
0027.png,7
0028.png,3
0029.png,10
0030.png,5
0031.png,2
0032.png,5
0033.png,6
0034.png,5
0035.png,1
0036.png,3
0037.png,7
0038.png,6
0039.png,5
0040.png,3
0041.png,4
0042.png,9
0043.png,1
0044.png,7
0045.png,10
0046.png,7
0047.png,2
0048.png,9
0049.png,5
0050.png,8
0051.png,5
0052.png,4
0053.png,10
0054.png,1
0055.png,2
0056.png,5
0057.png,6
0058.png,10
0059.png,3
0060.png,1
0061.png,1
0062.png,8
0063.png,8
0064.png,10
0065.png,1
0066.png,9
0067.png,3
0068.png,7
0069.png,4
0070.png,6
0071.png,4
0072.png,9
0073.png,3
0074.png,2
0075.png,1
0076.png,5
0077.png,7
0078.png,2
0079.png,10
0080.png,7
0081.png,9
0082.png,4
0083.png,9
0084.png,1
0085.png,2
0086.png,1
0087.png,4
0088.png,2
0089.png,6
0090.png,1
0091.png,4
0092.png,5
0093.png,7
0094.png,10
0095.png,8
0096.png,2
0097.png,4
0098.png,3
0099.png,3
0100.png,9
0101.png,3
0102.png,9
0103.png,9
0104.png,2
0105.png,2
0106.png,4
0107.png,3
0108.png,2
0109.png,7
0110.png,5
0111.png,2
0112.png,3
0113.png,1
0114.png,8
0115.png,9
0116.png,3
0117.png,3
0118.png,3
0119.png,5
0120.png,9
0121.png,8
0122.png,1
0123.png,9
0124.png,4
0125.png,9
0126.png,5
0127.png,4
0128.png,1
0129.png,8
0130.png,3
0131.png,9
0132.png,5
0133.png,8
0134.png,8
0135.png,2
0136.png,4
0137.png,6
0138.png,6
0139.png,2
0140.png,1
0141.png,6
0142.png,2
0143.png,1
0144.png,5
0145.png,3
0146.png,1
0147.png,2
0148.png,2
0149.png,8
0150.png,5
0151.png,1
0152.png,7
0153.png,3
0154.png,1
0155.png,8
0156.png,4
0157.png,2
0158.png,9
0159.png,10
0160.png,9
0161.png,3
0162.png,1
0163.png,2
0164.png,7
0165.png,9
0166.png,9
0167.png,9
0168.png,2
0169.png,4
0170.png,7
0171.png,2
0172.png,10
0173.png,1
0174.png,8
0175.png,9
0176.png,5
0177.png,3
0178.png,1
0179.png,9
0180.png,5
0181.png,6
0182.png,8
0183.png,6
0184.png,9
0185.png,3
0186.png,4
0187.png,5
0188.png,5
0189.png,1
0190.png,6
0191.png,2
0192.png,6
0193.png,1
0194.png,3
0195.png,3
0196.png,2
0197.png,4
0198.png,1
0199.png,7
0200.png,10
0201.png,4
0202.png,2
0203.png,1
0204.png,10
0205.png,8
0206.png,8
0207.png,8
0208.png,2
0209.png,9
0210.png,9
0211.png,9
0212.png,8
0213.png,5
0214.png,3
0215.png,8
0216.png,4
0217.png,10
0218.png,4
0219.png,6
0220.png,9
0221.png,3
0222.png,9
0223.png,5
0224.png,2
0225.png,5
0226.png,10
0227.png,6
0228.png,6
0229.png,6
0230.png,8
0231.png,6
0232.png,7
0233.png,6
0234.png,2
0235.png,9
0236.png,1
0237.png,9
0238.png,4
0239.png,4
0240.png,7
0241.png,3
0242.png,7
0243.png,5
0244.png,10
0245.png,7
0246.png,6
0247.png,6
0248.png,8
0249.png,3
0250.png,1
0251.png,8
0252.png,1
0253.png,3
0254.png,9
0255.png,8
0256.png,5
0257.png,1
0258.png,4
0259.png,6
0260.png,10
0261.png,2
0262.png,10
0263.png,1
0264.png,4
0265.png,6
0266.png,2
0267.png,9
0268.png,8
0269.png,1
0270.png,5
0271.png,3
0272.png,1
0273.png,9
0274.png,3
0275.png,6
0276.png,6
0277.png,7
0278.png,3
0279.png,10
0280.png,5
0281.png,3
0282.png,6
0283.png,5
0284.png,1
0285.png,3
0286.png,3
0287.png,3
0288.png,2
0289.png,1
0290.png,5
0291.png,1
0292.png,3
0293.png,3
0294.png,5
0295.png,10
0296.png,2
0297.png,4
0298.png,7
0299.png,8
0300.png,9
0301.png,7
0302.png,8
0303.png,9
0304.png,8
0305.png,4
0306.png,4
0307.png,4
0308.png,8
0309.png,8
0310.png,1
0311.png,6
0312.png,1
0313.png,10
0314.png,4
0315.png,6
0316.png,1
0317.png,10
0318.png,7
0319.png,6
0320.png,8
0321.png,6
0322.png,9
0323.png,7
0324.png,3
0325.png,1
0326.png,10
0327.png,1
0328.png,6
0329.png,9
0330.png,2
0331.png,3
0332.png,1
0333.png,8
0334.png,3
0335.png,6
0336.png,9
0337.png,7
0338.png,2
0339.png,3
0340.png,1
0341.png,3
0342.png,10
0343.png,8
0344.png,4
0345.png,5
0346.png,7
0347.png,5
0348.png,5
0349.png,4
0350.png,9
0351.png,6
0352.png,4
0353.png,5
0354.png,4
0355.png,10
0356.png,8
0357.png,9
0358.png,8
0359.png,4
0360.png,1
0361.png,1
0362.png,3
0363.png,10
0364.png,2
0365.png,5
0366.png,7
0367.png,7
0368.png,6
0369.png,4
0370.png,4
0371.png,8
0372.png,9
0373.png,5
0374.png,6
0375.png,10
0376.png,9
0377.png,1
0378.png,10
0379.png,2
0380.png,1
0381.png,10
0382.png,6
0383.png,1
0384.png,3
0385.png,10
0386.png,1
0387.png,4
0388.png,10
0389.png,5
0390.png,7
0391.png,8
0392.png,4
0393.png,1
0394.png,6
0395.png,1
0396.png,3
0397.png,2
0398.png,2
0399.png,6
0400.png,3
0401.png,9
0402.png,2
0403.png,6
0404.png,2
0405.png,1
0406.png,3
0407.png,8
0408.png,4
0409.png,9
0410.png,10
0411.png,5
0412.png,1
0413.png,5
0414.png,3
0415.png,4
0416.png,10
0417.png,4
0418.png,6
0419.png,5
0420.png,9
0421.png,8
0422.png,9
0423.png,6
0424.png,2
0425.png,4
0426.png,6
0427.png,8
0428.png,8
0429.png,8
0430.png,8
0431.png,2
0432.png,4
0433.png,5
0434.png,7
0435.png,2
0436.png,8
0437.png,1
0438.png,9
0439.png,9
0440.png,7
0441.png,3
0442.png,4
0443.png,5
0444.png,9
0445.png,4
0446.png,9
0447.png,7
0448.png,8
0449.png,1
0450.png,7
0451.png,1
0452.png,1
0453.png,7
0454.png,4
0455.png,3
0456.png,3
0457.png,3
0458.png,10
0459.png,9
0460.png,8
0461.png,7
0462.png,6
0463.png,5
0464.png,2
0465.png,10
0466.png,8
0467.png,5
0468.png,10
0469.png,7
0470.png,1
0471.png,5
0472.png,5
0473.png,6
0474.png,10
0475.png,5
0476.png,6
0477.png,1
0478.png,1
0479.png,10
0480.png,10
0481.png,3
0482.png,10
0483.png,5
0484.png,8
0485.png,6
0486.png,7
0487.png,2
0488.png,9
0489.png,5
0490.png,2
0491.png,8
0492.png,3
0493.png,9
0494.png,4
0495.png,2
0496.png,10
0497.png,4
0498.png,7
0499.png,1
